<?xml version="1.0" encoding="UTF-8"?>
<project-private xmlns="http://www.netbeans.org/ns/project-private/1">
    <editor-bookmarks xmlns="http://www.netbeans.org/ns/editor-bookmarks/2" lastBookmarkId="0"/>
    <open-files xmlns="http://www.netbeans.org/ns/projectui-open-files/2">
        <group>
            <file>file:/E:/STUDY/UNIVERSITY/COURSES/4TH%20SEMESTER/4.%20OOSE/PROJECT/MY%20USECASE's%20MODULE/RailwayReservation/src/Railway/Main.java</file>
            <file>file:/E:/STUDY/UNIVERSITY/COURSES/4TH%20SEMESTER/4.%20OOSE/PROJECT/MY%20USECASE's%20MODULE/RailwayReservation/src/Railway/login.java</file>
            <file>file:/E:/STUDY/UNIVERSITY/COURSES/4TH%20SEMESTER/4.%20OOSE/PROJECT/MY%20USECASE's%20MODULE/RailwayReservation/src/Railway/addtrain.java</file>
            <file>file:/E:/STUDY/UNIVERSITY/COURSES/4TH%20SEMESTER/4.%20OOSE/PROJECT/MY%20USECASE's%20MODULE/RailwayReservation/src/Railway/Reservation.java</file>
        </group>
    </open-files>
</project-private>
